﻿[
  {
    "id": 1,
    "firstName": "Thomas",
    "lastName": "Bækker",
    "address": {
      "streetName": "Tornelisevej",
      "streetNumber": "10",
      "city": "Solrød Strand"
    },
    "emergencyPhoneNumbers": ["+4530303030", "+4510203040"]
  },
  {
    "id": 2,
    "firstName": "Niels",
    "lastName": "Bohr",
    "address": {
      "streetName": "Flemsevej",
      "streetNumber": "31A",
      "city": "København"
    },
    "emergencyPhoneNumbers": []
  }
]